110908700;OK;Carolina Sharp;B;8QRI1IKHQ;tzcfqdv5g4aefr3;0
113677300;OK;Lacy Galloway;B;FBSL9YHSU;d8rn48xx55pztar;1
115671300;OK;Frieda Neal;B;166B07KLX;3rsrc03apc51dls;2
115671300;OK;Emerson Marks;B;2TUWFRNLO;ywmbo4tdzkgwxwi;3
116668900;OK;Stephen Sampson;B;RAG2F9MDD;fuz2y3chqj92wt4;4
116668900;OK;Franklin Kent;B;60OCYK1XP;whc1nk7kcig8l3j;5
117666200;OK;Grant Becker;B;JGDJ4DLOR;sxh51r5wl9544mi;6
117666200;OK;Tracey Duarte;B;W45PH6KVS;cqr782jb9a4iptf;7
117666200;OK;Pierre Hurley;B;ZDTVA0QO0;f7t71qik0zyyczx;8
118663500;OK;Jamey Simpson;B;U6U7E8S6C;4uh3cmqat91nrnr;9
118663500;OK;Avery Roman;B;LV35JP0X9;byj7lesmbf257ve;10
118663500;OK;Jeanne Sawyer;B;NVVLGL6PY;rf3b8uyx7kw1mxm;11
119660800;OK;Bernadine Powell;B;JKEUK5AHI;6b96c30tnx71wo8;12
119660800;OK;Jeanette Mcdaniel;B;GSZQV7M7K;q2qos167tcggmr7;13
120658100;OK;Gladys Padilla;B;5T10YWT44;8c3y2hb38cr7wzv;14
120658100;OK;Joy Macias;B;4BSF9V0EZ;6k90nagu4m6ci7t;15
120658100;OK;Noe Carney;B;MZE18AXF0;8otv3glxrcxdx1h;16
121655800;OK;Van Mcintosh;B;94DOCLPBH;y000vitkkknivur;17
121655800;OK;Debra Mason;B;H7WACJGFG;spd8mpx6w6h7v9r;18
121655800;OK;Malinda Jennings;B;NA06OJVUW;hqvn67c30fs7rea;19
122652800;OK;Mari Fisher;B;3XVDTRRI1;33s5g74ilod2i32;20
122652800;OK;Mayra Steele;B;19D1BXE4V;bgqztihklb5c17a;21
123650300;OK;Jordan Proctor;B;GK68LOCU3;vf33uxrshphsezm;22
123650300;OK;Jodi Goodwin;B;JN50G850Q;ib3iaw7ws5mrh8d;23
123650300;OK;Britney Drake;B;S0149IJII;as7q5jpescqma4l;24
124647500;OK;Corine Dawson;B;8A9S3F2OC;eiwirsy1vv8zdc8;25
124647500;OK;Misty Nguyen;B;0R617US8Y;erp9ql9ob0a3ygt;26
124647500;OK;Lionel Kirby;B;VO7P6Q7X7;h5mg4zb4ow7wg3t;27
125644900;OK;Leigh Dougherty;B;L1BRLLZPF;e7zfjzaexwpsyde;28
125644900;OK;Quinn Love;B;VY5MH4S99;g4f8bofrzwopszc;29
125644900;OK;Britt Key;B;P4HSHJIKF;a3tr14or0slxuak;30
126642200;OK;Adolph Villa;B;OP63BB68D;dyxgi0zp4l0cwuq;31
126642200;OK;Darwin Mccann;B;8BWFQ0Q3K;0yieihqos0x77uu;32
127639500;OK;Leandro Gillespie;B;FFWBFLDPV;jnkdjo12lmebz3c;33
127639500;OK;Issac Frederick;B;J1MA51UL3;av27y2bny4qxzei;34
127639500;OK;Hilario Mcmahon;P;BQTSNCF6R;0w2y8p6sdl8tvbt;35
128637000;OK;Santos Mccall;P;UOEQVB6FU;zj4gmh3eb9kverp;36
128637000;OK;Jean Jackson;P;5CJ4Q2B83;jn7gfq68upqrx05;37
128637000;OK;Marco Harper;P;AJQ9D2J8J;pny1195v2o671j6;38
129634200;OK;Angelina Nicholson;P;D9IMQA6G5;mwxhn3mx7wejs1d;39
129634200;OK;Chelsea Sims;P;UB5RYEP9Q;p4m1yanloes9tsz;40
130631500;OK;George Goodwin;P;6G5M3L35H;ce5km8yiq2hmryu;41
130631500;OK;Eddy Huffman;P;81D6BQ3QY;farwq36g7jq3vxn;42
130631500;OK;Bennie Bray;P;J2FR59JOW;9m4zqfwf4bqi8tu;43
131628900;OK;Jared Bolton;P;LMJYG18YQ;xmsweqvcf53ow4r;44
131628900;OK;Alison Santos;P;0499AYZZ7;ugomzqj6he0brhk;45
131628900;OK;Shauna Ortiz;P;71YPL8H5V;a66nm06cwkpran1;46
132626100;OK;Marjorie Bailey;P;AAGK3CKG8;g942f99pbscgj3i;47
132626100;OK;Sandra Wiggins;P;1SDFL0ASJ;ry97iva0jzi2138;48
132626100;OK;Jules Molina;P;9CBY6I97S;14363noeukllab7;49
133623500;OK;Caleb Michael;P;67GJED9UT;5w216xa2mmcgwtg;50
133623500;OK;Nancy Sherman;P;7OYEP2K8Z;ccjwf639o4twzc0;51
134620800;OK;Tammie Saunders;P;BLA514C25;trwy5pev3y4x381;52
134620800;OK;Myron Clements;E;F6I8RLFAF;ue1d6z7ppbp7w2q;53
134620800;OK;Brain Weaver;E;DTCK4JZNM;hlo9kppyj6hl9b8;54
135618200;OK;Vivian Kim;E;6F2VGVOZN;rczjdgaks7tftz1;55
135618200;OK;Stewart Ellison;E;UNM5P9HYE;x6ujjztpu47skgj;56
135618200;OK;Jerold Oconnor;E;DN362Q8E8;3xic8dv5rrp4m6e;57
136615500;OK;Christina Cain;E;RT6VSJAWV;43uy4lnxs4oug15;58
136615500;OK;Travis Kaiser;E;HE0M0J2DY;3ovvjqd15c0mx4o;59
137614700;OK;Clifford Marshall;E;9DV6JQ3B7;m5bd0177dxcbi8a;60
137614700;OK;Joy Stafford;E;EH4OYL11H;tp4ue0apyl0xex8;61
137614700;OK;Dawn Elliott;E;C6H9JP6Q5;fwxhofhwv9babeq;62
138611600;OK;Molly Hoffman;E;UM3BTWMMM;o69uxlxqj3ltbbn;63
138611600;OK;Harris Calhoun;E;7W11ZT1NP;v8eue8sup6attux;64
138611600;OK;Roberto Armstrong;E;4PT7Y0HKQ;71w7415uk4y932e;65
139608900;OK;Steven Castillo;E;IHDHQBGTS;fg010z4q1aa77zm;66
139608900;OK;Zelma Tyler;E;HDLABYWR9;5o4xts9kyjzlswa;67
139608900;OK;Tessa Richards;E;RY7KQGX9I;bdld017ilknvgz7;68
140606100;OK;Marguerite Ballard;E;AZY78YX3V;ce847dqingyspbu;69
140606100;OK;Kimberly Terrell;E;9VHUTIRH2;pv21jus50kg88m8;70
141603400;OK;Damian Mays;E;86K3F5PUB;rddlhk14myg4nsk;71
141603400;OK;Dante Washington;E;UV6V2OG2C;di9bgjbv4dp4ew9;72
141603400;OK;Etta Jackson;E;6ZNOUSMQT;2v19fcdnl7a21ai;73
142600700;OK;Kathleen Snyder;E;O2R7RO1HG;rsziw8h0j7umesf;74
142600700;OK;Eusebio Townsend;E;BGXGPWB70;5yg9agep07kdpks;75
142600700;OK;Humberto Villarreal;E;0GQ9XA57W;kth4f2cwwkfok60;76
143598100;OK;Russell Cobb;E;PFRFKZBFH;07ic1lgrx6lic1t;77
143598100;OK;Horace Barajas;E;O24TE87P3;06kkhk5ib2rh072;78
144595300;OK;Berry Coffey;E;1P2R2982Q;7yhe6iyyxhvwfiq;79
144595300;OK;Ada Dean;E;NOJGPYKH8;q5un50zf2r54pm7;80
144595300;OK;Dannie Miller;E;T7G9JTVKZ;9lhyqwyeolemfpu;81
145592800;OK;Delmer Johnson;E;F3V78CDN7;178vsok87rntf22;82
145592800;OK;Andre Knox;E;5ZV66O1AP;xba9ydjx6fye1x1;83
145592800;OK;Israel Robertson;E;2EMK4BPUY;1n5n91wjan668ai;84
146590100;OK;Garfield Quinn;E;76HHU0MWE;lizfckvysijk4ot;85
146590100;OK;Katina Ayala;E;NO4QC4XJI;vh7mypopi6yid1q;86
146590100;OK;Wilmer Short;E;IG9G6MWI8;zxsjdfj1uuyz97f;87
147587400;OK;Joshua Mcneil;E;0YRKT4TVS;yweev3t17j6x8n1;88
147587400;OK;Joyce Haas;E;TML7FKFS7;d9skoojxrwyn571;89
148584700;OK;Cheryl Moon;E;BQUXJ8O0O;dgf7z3t8c71xcl0;90
148584700;OK;Earline Gould;E;6GAYV38QN;vykwhdvtsyxfgaw;91
148584700;OK;Colleen Cox;E;WE5NQPXPU;iz1c51day6ichyw;92
149582100;OK;Carly Macdonald;E;DV61CWX7T;u98wop2hynyack2;93
149582100;OK;Blake Stevenson;E;2E1LRK1I8;q8e8kmwf4fnp051;94
149582100;OK;Paris Chen;E;H06IAPXK9;mqjtq4fk7utikxx;95
150579400;OK;Dominic Guerrero;E;NHRW6BPJ0;gptc3e0j1ahs81r;96
150579400;OK;Jonas Stone;E;OM8WRSASU;e8ewaqbyrvb80iv;97
151576900;OK;Katheryn Jimenez;E;A7TEM98LZ;dn35di1munq40zp;98
151576900;OK;Aimee Galvan;E;NU1R4JN64;035wv6kkr24ws95;99
151576900;OK;Issac Hampton;E;SAFFYRK53;zcidxxxcecnk0th;100
152574100;OK;Tiffany Rosario;E;AATOWXYFL;9x1siyimrrzf9bb;101
152574100;OK;Earnestine Dodson;E;6ZAX1AZHL;m9z5z1q7746j5pa;102
152574100;OK;Clyde Barrow;E;14O0JWN65;89cb6uebuccwdqg;103
153571700;OK;Rusty Gibbs;E;UEOHFOZ3T;mwvnx388lrhuodn;104
153571700;OK;Jess Whitney;E;BF1JEI0SA;yxf9fbbegb3bdnw;105
154568800;OK;Luther Wheeler;E;E2T8689ZM;htntgiyzrj5f5hi;106
154568800;OK;Lucinda Barrera;E;3QJB1LCD2;jim625srsfme5tr;107
154568800;OK;Aubrey Dunn;E;IS3CRLEYZ;fnat2qnr765pb28;108
155566100;OK;Krystal Dennis;E;BP0J4Y4SX;wg69g8tstnyw44o;109
155566100;OK;Beatriz Yu;E;TN94HM0EM;yr4f5e175l5tj3q;110
155566100;OK;Fernando Wilkins;E;VOLHT86XM;x1tav6ycn3lbg1t;111
156563400;OK;Ricky Black;E;YJP1M1F8E;809ygbi6dmedmh5;112
156563400;OK;Virgilio Cummings;E;HCSLZPAYI;4qvggft80v8grw1;113
156563400;OK;Carlo Jackson;E;RPPZ0ANVI;ngkf59m5avza0kw;114
157560900;OK;Billie Atkinson;E;CAO47P21P;bk86dgxp56mi3b8;115
157560900;OK;Sebastian Cardenas;E;POWP4EV3H;5n4aoafoa3ugtiq;116
158558100;OK;Domenic Rosales;E;I5VFQCRX3;k0vgmfcdzkk89qc;117
158558100;OK;Devon Terrell;E;923HJ09PO;9k9gizkbel7kvqw;118
158558100;OK;Sue Holmes;E;XFJBO3F3K;nepvrxjs167m72p;119
159555500;OK;Carter Webb;E;L8OCQD817;wkus83irsbpq18y;120
159555500;OK;Rolf Carlson;E;B9PWQRGT4;7lc5mb3hzzahvrz;121
159555500;OK;Marcelino Hartman;E;JEDEJO07D;5asccw2tstqv9yi;122
160552700;OK;Bettie Hendricks;E;204GGSJ4C;jxjsiclneg0q3em;123
160552700;OK;Jewel Goodman;E;HOCBVOQ86;8w497rojsg1kv6w;124
161550000;OK;Bonita Lozano;E;43E43Y8NU;ydhbug8fjrigudy;125
161550000;OK;Rachel Bauer;E;8KHSGB36Q;kvmqzxu1vogxxc0;126
161550000;OK;Eli Benson;E;G2TR3KVKF;mif4wuk5b7ja0z7;127
162547400;OK;Elizabeth Riddle;E;RI5CU0V75;rmgurp9jb543lox;128
162547400;OK;Jame Walsh;E;LMEYRWGO8;ug05m1rwdsvogkh;129
162547400;OK;Tammy Stevenson;E;JMJWPXTQU;tn57a9x4wbvcoyz;130
163544800;OK;Iva Salazar;E;MFJ9JMY0H;m9atmaodonvasrd;131
163544800;OK;Neva Thompson;E;TEIQG1VEP;5dd9k6yq75yuu0c;132
164542100;OK;Teri Daugherty;E;EB8VNG7B1;oxjllt1nxo4y0hy;133
164542100;OK;Kermit Randolph;E;JQUGC6W7A;3a2m635do82ty4k;134
164542100;OK;Mollie Lang;E;4FMXDRQ77;8c8gznpnvhj80w1;135
165539400;OK;Cecelia Harrell;E;5KTVYZ3VY;as6bwubvjgbcqdd;136
165539400;OK;Tracy Cohen;E;U9Y1CIK9D;uddmzt3ks0z3gy4;137
165539400;OK;Darwin Hill;E;VNOC933OY;0zdmpc61oev5jmk;138
166536800;OK;Bonnie Wise;E;NPMJ50Q7H;8dsr5tckmjaqj3y;139
166536800;OK;Tomas Lang;E;TD94A2VER;gnfa4chimwv04w0;140
167534000;OK;Darius Padilla;E;G3HXRXDVX;qryy040j8d5j3yo;141
167534000;OK;Benito Caldwell;E;F2NQPGZGE;z3ojn6s0etrothm;142
167534000;OK;Kristi Whitaker;E;K2IZ3VDFR;ocxw44aql4rngt8;143
168531400;OK;Becky Stein;E;QF41HPSPO;xmj8hdjfabbk2ez;144
168531400;OK;Josue Whitaker;E;KLYTUBE9A;jau60jv2nhm023u;145
168531400;OK;Deloris Austin;E;PY0KE9K2H;58113f4ttblplg9;146
169529100;OK;Britt Larsen;E;1G82HF4VR;hu4l2p88ow9qe7z;147
169529100;OK;Robt Silva;E;HWMAYZLK9;qa78j7srjgocup4;148
170526300;OK;Homer Obrien;E;Y61WSC84E;we4lbrnfcl6q368;149
170526300;OK;Ana Hogan;E;8FZE5ZZW4;kuidjqn0b1tq5xu;150
170526300;OK;Cherie Morris;E;1WDP0263B;s3rmh052dgryk5o;151
171523400;OK;Shayne Richardson;E;CP0G0IVCB;rnk6zib1uqalo9m;152
171523400;OK;Geraldo Gross;E;71DS92WTG;47kpfpo4tosgyv3;153
171523400;OK;Laura Wilkerson;E;JLIT1RU9T;wicxe9m45suciwn;154
172520700;OK;Laverne Chase;E;J3N392XQ7;vtjipa2bi9i1m97;155
172520700;OK;Dale Gamble;E;4MFMBXPHG;p8n9m59gto6irc8;156
172520700;OK;Jefferey Nolan;E;H75XWUJBC;2m7z9hek5lugo82;157
173518100;OK;Dusty Hood;E;7AEGXVPXH;lg1u29tap7v9ol3;158
173518100;OK;Simon Bryan;E;D2PGO2DTJ;vnjjnu4f0u5huma;159
174515400;OK;Joseph Stokes;E;INLSALQYR;4jp5cty7dki6t4r;160
174515400;OK;Ida Benson;E;TP0ZIBFAL;znew12eki3e5xbp;161
174515400;OK;Elbert Baldwin;E;4GP5R53XW;9zddp8c603zklz3;162
175512700;OK;Zane Burton;E;CMYXC7NNV;0izw1ebcp1f62hx;163
175512700;OK;Granville Hogan;E;EACJX6P2I;09b1ekas8xxin0m;164
175512700;OK;Byron Benson;E;USO04L7GX;x0t55yyfntiao1u;165
176510100;OK;Darell Maxwell;E;0Y9NCXYLP;lm1yotduicqtco7;166
176510100;OK;Nigel Dorsey;E;UXPXVN8TA;hb60uutsvl3nn30;167
177507400;OK;Sheree Solis;E;Z555H2262;hr0d1c862h22ma3;168
177507400;OK;Frankie Harding;E;C2RQOWCG6;v8uapbw4o0zgfaz;169
177507400;OK;Riley Powell;E;1GID2C5BL;rv6sg2kbxf8k8kn;170
178504700;OK;Erika Munoz;E;93XD1FAAW;pdlfmthfk42gzir;171
178504700;OK;Mabel Richardson;E;CD2VTZ0EV;zjssxj4ql23b1vn;172
178504700;OK;Murray Douglas;E;3D60OAJFH;m1uelkit60ohnsd;173
179502100;OK;Terra Hicks;E;GH9D2HW9W;97i6w9c0yvcy09g;174
179502100;OK;Lorene Reeves;E;UXAPZATJN;ac653oi3w1d324j;175
179502100;OK;Herschel Powers;E;U4LYB8XP2;po4y88ali0afw3u;176
180499400;OK;Merrill Sandoval;E;OXIGQ7ZK1;s85r98erxwq59pj;177
180499400;OK;Darell Barker;E;KHEX94RNT;qgk4nvt29ppcwev;178
181496800;OK;Jamaal Schroeder;E;XLX7AB8DJ;oa5oley0k5dgkrc;179
181496800;OK;Myles Combs;E;EAKFB0VG8;gvxh9nhg4f87eba;180
181496800;OK;Rodney Donaldson;E;ADKMSUOEG;7ifby6qv72zpauo;181
182494100;OK;Delbert Mclaughlin;E;WHX443GOU;kq8t0hb2z2fig1r;182
182494100;OK;Daryl Ramsey;E;V84AM01ZE;6nhdqgt751yo35x;183
182494100;OK;Willie Porter;E;4GNX2H522;fdq0tk19mf7fn8x;184
183491400;OK;Emmitt Madden;E;K50O89QOB;6oio2dvinymx7f4;185
183491400;OK;Brittney Snyder;E;N1R085D1C;2hl0idfemntvxga;186
184488800;OK;Dollie Obrien;E;XXWUPR5KL;227igsp8wdwj3of;187
184488800;OK;Antonia Hawkins;E;A6EI1F42S;a4nrrepzvfdtwnx;188
184488800;OK;Deirdre Valdez;E;U837AB3CU;w0c9mpgb44pa22i;189
185485100;OK;Alissa Shaffer;E;6UGAS39JE;twzqviqsxr5fnj8;190
185485100;OK;Deangelo Chen;E;GYDQSJ2YJ;va56g6wv5qmgool;191
185485100;OK;Adriana Bailey;E;O3103CY1I;l43o02uidw48ib1;192
186482200;OK;Cary Howell;E;0Z3JOMDFC;63r0ymq4h1926sr;193
186482200;OK;Clement Kelley;E;CR5KOT67S;5szryeni5f46pc0;194
187479500;OK;Mauro Howard;E;K7QCH60HQ;z1att76kgynjs7y;195
187479500;OK;Dirk Norris;E;KRH2V5UAX;xkrldoh5nr2nwcv;196
187479500;OK;Garry Barnett;E;L6RI6J4Z2;lcmajb2y8csk3x2;197
188476800;OK;Roderick Barr;E;YK72H7VEB;m8ekwjrm9ko0b1f;198
188476800;OK;Myrtle Holt;E;GYNLPOATP;33uy39yz00khfdx;199
188476800;OK;Carey Hernandez;E;KYVUMUQD9;zgofxcym1rmy8af;200
189474100;OK;Rosendo Stephens;E;2XMO5F81A;dl6tqgirjhn0wm9;201
189474100;OK;Jacob Larson;E;1TOOHHTGT;12plo4kfs6rg5z5;202
189474100;OK;Adrian Ponce;E;P2UK4S6GF;3ey2eyy8ay7nfih;203
190471500;OK;Florentino Mcfarland;E;8CXLWGAV6;0b5ksmle6vbu7cu;204
190471500;OK;Alfreda Christian;E;YM2SLB7BM;gplu1p37rhdpsrk;205
191468800;OK;Alva Joyce;E;3O6VYXWWR;o0s8elauowbwrs9;206
191468800;OK;Elliott Rush;E;BSOTIHEQ9;8v1bohz5ydm82lt;207
191468800;OK;Ronnie Logan;E;F21RBLQKM;eoky6jqa4aw59rz;208
192466200;OK;Brittney Oliver;E;CVEFUOP7B;mymh5dwp2h3mvxn;209
192466200;OK;Aisha Mooney;E;Y3AP3LJ9S;m3ee6wmmew4fmmb;210
192466200;OK;Young Campbell;E;VY91A048P;l0ootpwr7gblr1e;211
193463500;OK;Deandre Ballard;E;R2Y57A7JL;91t0x17r2tepzgy;212
193463500;OK;Lilian Newton;E;69LREI68B;d7bygkqrore628y;213
193463500;OK;Richard Brennan;E;47D4WFOT4;12qjgcrpi447qoi;214
194460800;OK;Horacio Freeman;E;IW4FM8S82;7kk0maqhwywqlds;215
194460800;OK;Freda Mccann;E;JGVOM0A16;6rb4u5tqxqqfcsu;216
195458100;OK;Dona Avery;E;WBAFB7DFO;qucdw4vep0blbcl;217
195458100;OK;Guadalupe Simmons;E;EGAF9LCGG;z518kp2x1ib9kw6;218
195458100;OK;Nathaniel Reeves;E;BOL553EMN;86nlb4mvx09neiy;219
196455500;OK;Jewell Wilcox;E;1DETECF65;g09v8usfkzt5h80;220
196455500;OK;Donovan Hull;E;FH71IRBCP;m354cttvir8zxs7;221
196455500;OK;Gale Hickman;E;OW4H2450X;r9pjmd7618zxig7;222
197452900;OK;Chas Mcclain;E;BGNTGICN6;35epex3ay8audgf;223
197452900;OK;Everette Hobbs;E;W6RA2SBTR;piq0y57evf23148;224
197452900;OK;Raymundo Krause;E;HTFC3AWEB;o2po66x99fo0dzj;225
198450200;OK;Hollis Perkins;E;M0KQVEK74;vdu37zu86u0dvzw;226
198450200;OK;Edmundo Haley;E;ZPFQBSYEC;vey4hdyucwemjyf;227
199447500;OK;Gary Bennett;E;BLO6GSC0A;rk00hombqmcglcq;228
199447500;OK;Tommie Kent;E;2M9K8J3UY;wt3asen31vvd633;229
199447500;OK;Bobbie Benjamin;E;4ENX0DDO5;msifv91dnu97012;230
200444800;OK;Bonnie Gray;E;R9GM19O1Z;hkatel3a2ts1uz9;231
200444800;OK;Erin Welch;E;MN9KG8VAY;kw4i6x3yw51513i;232
200444800;OK;Georgina House;E;TW0ZR0PIR;8ea6jx3txms467h;233
201442300;OK;Darnell Hodge;E;B4UC4XHMV;bwjq1xn60i53ru6;234
201442300;OK;Briana Ballard;E;BNS3VOQ5T;ay5l4ozcfli6n1g;235
201442300;OK;Sonya Serrano;E;HS02T06J0;7i50lam4nu1rnn4;236
202439400;OK;Ada Cooke;E;Z98EUUIHP;jenhsswd6qydt5l;237
202439400;OK;Ward Suarez;E;WR3FP64X3;1cdwaqjsckzfyik;238
203436800;OK;Kayla Hanna;E;47Q3QPWXP;ru8r072w5m7sawg;239
203436800;OK;Shelby Mercado;E;JIGHL3428;njfwmag37ju924y;240
203436800;OK;Goldie Melendez;E;4712QLB51;0fsgyvpsbk26f9u;241
204434200;OK;Paulette Hebert;E;9XUAR5QLF;raq2bw7nzoa7e14;242
204434200;OK;Denise Maddox;E;KR52PV1QC;k9gfvlgh1vaxe39;243
204434200;OK;Jeffrey Dickerson;E;ESNQIJYB3;dtskt0xlzw6osnj;244
205431500;OK;Minh Middleton;E;D6FO2CU1Y;quolereqt0qyc2i;245
205431500;OK;Noelle Lozano;E;WLC1P3WP9;yhlurtl4ked84vf;246
206428800;OK;Celeste Austin;E;25B2HDDHX;rr0ggtyfmwncp7w;247
206428800;OK;Billy Salas;E;CPOUF1EBT;y1vbk3omun7ckva;248
206428800;OK;Danny Knapp;E;TCM17QO4V;351dpvcjkjuby7v;249
