LH 2121;FRA;HKG;A05;21.OCT;22:00;1;a5nzey7tihnrtgu;Business;Erik Wong;BIFO6D9JF
LH 2121;FRA;HKG;A05;21.OCT;22:00;2;8c3y2hb38cr7wzv;Business;Gladys Padilla;5T10YWT44
LH 2121;FRA;HKG;A05;21.OCT;22:00;3;e7zfjzaexwpsyde;Business;Leigh Dougherty;L1BRLLZPF
LH 2121;FRA;HKG;A05;21.OCT;22:00;4;byj7lesmbf257ve;Business;Avery Roman;LV35JP0X9
LH 2121;FRA;HKG;A05;21.OCT;22:00;5;33s5g74ilod2i32;Business;Mari Fisher;3XVDTRRI1
LH 2121;FRA;HKG;A05;21.OCT;22:00;6;whc1nk7kcig8l3j;Business;Franklin Kent;60OCYK1XP
LH 2121;FRA;HKG;A05;21.OCT;22:00;7;3rsrc03apc51dls;Business;Frieda Neal;166B07KLX
LH 2121;FRA;HKG;A05;21.OCT;22:00;8;m747zz3erat8wf7;Business;Chadwick Carpenter;HNQGAXK43
LH 2121;FRA;HKG;A05;21.OCT;22:00;9;ywmbo4tdzkgwxwi;Business;Emerson Marks;2TUWFRNLO
LH 2121;FRA;HKG;A05;21.OCT;22:00;10;bgqztihklb5c17a;Business;Mayra Steele;19D1BXE4V
LH 2121;FRA;HKG;A05;21.OCT;22:00;11;ib3iaw7ws5mrh8d;Business;Jodi Goodwin;JN50G850Q
LH 2121;FRA;HKG;A05;21.OCT;22:00;12;cqr782jb9a4iptf;Business;Tracey Duarte;W45PH6KVS
LH 2121;FRA;HKG;A05;21.OCT;22:00;13;nkil02w8alkrkkm;Business;Gus Juarez;73618V9CA
LH 2121;FRA;HKG;A05;21.OCT;22:00;14;y000vitkkknivur;Business;Van Mcintosh;94DOCLPBH
LH 2121;FRA;HKG;A05;21.OCT;22:00;15;0yieihqos0x77uu;Business;Darwin Mccann;8BWFQ0Q3K
LH 2121;FRA;HKG;A05;21.OCT;22:00;16;tzcfqdv5g4aefr3;Business;Carolina Sharp;8QRI1IKHQ
LH 2121;FRA;HKG;A05;21.OCT;22:00;17;f28ohd7z4n4nftw;Business;Daron Glover;7HFMGK50V
LH 2121;FRA;HKG;A05;21.OCT;22:00;18;as7q5jpescqma4l;Business;Britney Drake;S0149IJII
LH 2121;FRA;HKG;A05;21.OCT;22:00;19;f7zph1r1zdn8fqq;Business;Samantha Patrick;A6HU0BIFL
LH 2121;FRA;HKG;A05;21.OCT;22:00;20;g4f8bofrzwopszc;Business;Quinn Love;VY5MH4S99
LH 2121;FRA;HKG;A05;21.OCT;22:00;21;zweaghgqu8c9obz;Business;Marian Crosby;WJTMWESGG
LH 2121;FRA;HKG;A05;21.OCT;22:00;22;dyxgi0zp4l0cwuq;Business;Adolph Villa;OP63BB68D
LH 2121;FRA;HKG;A05;21.OCT;22:00;23;vf33uxrshphsezm;Business;Jordan Proctor;GK68LOCU3
LH 2121;FRA;HKG;A05;21.OCT;22:00;24;6k90nagu4m6ci7t;Business;Joy Macias;4BSF9V0EZ
LH 2121;FRA;HKG;A05;21.OCT;22:00;25;51672frdk8qsujk;Business;Cordell Hahn;CTP1VVQHW
LH 2121;FRA;HKG;A05;21.OCT;22:00;26;f7t71qik0zyyczx;Business;Pierre Hurley;ZDTVA0QO0
LH 2121;FRA;HKG;A05;21.OCT;22:00;27;6b96c30tnx71wo8;Business;Bernadine Powell;JKEUK5AHI
LH 2121;FRA;HKG;A05;21.OCT;22:00;28;4uh3cmqat91nrnr;Business;Jamey Simpson;U6U7E8S6C
LH 2121;FRA;HKG;A05;21.OCT;22:00;29;eiwirsy1vv8zdc8;Business;Corine Dawson;8A9S3F2OC
LH 2121;FRA;HKG;A05;21.OCT;22:00;30;sxh51r5wl9544mi;Business;Grant Becker;JGDJ4DLOR
LH 2121;FRA;HKG;A05;21.OCT;22:00;31;rf3b8uyx7kw1mxm;Business;Jeanne Sawyer;NVVLGL6PY
LH 2121;FRA;HKG;A05;21.OCT;22:00;32;hnpizhtoehz6isf;Business;Elvin Hunt;99Q0PPE8L
LH 2121;FRA;HKG;A05;21.OCT;22:00;33;erp9ql9ob0a3ygt;Business;Misty Nguyen;0R617US8Y
LH 2121;FRA;HKG;A05;21.OCT;22:00;34;spd8mpx6w6h7v9r;Business;Debra Mason;H7WACJGFG
LH 2121;FRA;HKG;A05;21.OCT;22:00;35;8otv3glxrcxdx1h;Business;Noe Carney;MZE18AXF0
LH 2121;FRA;HKG;A05;21.OCT;22:00;36;jnkdjo12lmebz3c;Business;Leandro Gillespie;FFWBFLDPV
LH 2121;FRA;HKG;A05;21.OCT;22:00;37;hqvn67c30fs7rea;Business;Malinda Jennings;NA06OJVUW
LH 2121;FRA;HKG;A05;21.OCT;22:00;38;99x4z636eqbqonk;Business;Loren Wu;RK69JQFC8
LH 2121;FRA;HKG;A05;21.OCT;22:00;39;av27y2bny4qxzei;Business;Issac Frederick;J1MA51UL3
LH 2121;FRA;HKG;A05;21.OCT;22:00;40;a3tr14or0slxuak;Business;Britt Key;P4HSHJIKF
LH 2121;FRA;HKG;A05;21.OCT;22:00;41;h5mg4zb4ow7wg3t;Business;Lionel Kirby;VO7P6Q7X7
LH 2121;FRA;HKG;A05;21.OCT;22:00;42;u4gvir03h8p1crj;Business;Eloise Mccarty;05HP58YH8
LH 2121;FRA;HKG;A05;21.OCT;22:00;43;fuz2y3chqj92wt4;Business;Stephen Sampson;RAG2F9MDD
LH 2121;FRA;HKG;A05;21.OCT;22:00;44;4wypuxuermqnitv;Business;Jamie Espinoza;CTEZYD6ZB
LH 2121;FRA;HKG;A05;21.OCT;22:00;45;uqaqer6798184ti;Business;Bill Trujillo;7RRYGMB05
LH 2121;FRA;HKG;A05;21.OCT;22:00;46;d8rn48xx55pztar;Business;Lacy Galloway;FBSL9YHSU
LH 2121;FRA;HKG;A05;21.OCT;22:00;47;tln26k4zxkm4kik;Business;Erin Maddox;1XGKASTS3
LH 2121;FRA;HKG;A05;21.OCT;22:00;48;q2qos167tcggmr7;Business;Jeanette Mcdaniel;GSZQV7M7K
LH 2121;FRA;HKG;A05;21.OCT;22:00;49;5w216xa2mmcgwtg;Premium Economy;Caleb Michael;67GJED9UT
LH 2121;FRA;HKG;A05;21.OCT;22:00;50;jn7gfq68upqrx05;Premium Economy;Jean Jackson;5CJ4Q2B83
LH 2121;FRA;HKG;A05;21.OCT;22:00;51;mwxhn3mx7wejs1d;Premium Economy;Angelina Nicholson;D9IMQA6G5
LH 2121;FRA;HKG;A05;21.OCT;22:00;52;p4m1yanloes9tsz;Premium Economy;Chelsea Sims;UB5RYEP9Q
LH 2121;FRA;HKG;A05;21.OCT;22:00;53;7ag7ahxbnpsef8i;Premium Economy;Gilberto Shannon;XV41K7L7U
LH 2121;FRA;HKG;A05;21.OCT;22:00;54;hh55z89nrs4f1i7;Premium Economy;Candy Clay;V0VYJR5LA
LH 2121;FRA;HKG;A05;21.OCT;22:00;55;ce5km8yiq2hmryu;Premium Economy;George Goodwin;6G5M3L35H
LH 2121;FRA;HKG;A05;21.OCT;22:00;56;a66nm06cwkpran1;Premium Economy;Shauna Ortiz;71YPL8H5V
LH 2121;FRA;HKG;A05;21.OCT;22:00;57;pny1195v2o671j6;Premium Economy;Marco Harper;AJQ9D2J8J
LH 2121;FRA;HKG;A05;21.OCT;22:00;58;0w2y8p6sdl8tvbt;Premium Economy;Hilario Mcmahon;BQTSNCF6R
LH 2121;FRA;HKG;A05;21.OCT;22:00;59;9m4zqfwf4bqi8tu;Premium Economy;Bennie Bray;J2FR59JOW
LH 2121;FRA;HKG;A05;21.OCT;22:00;60;zj4gmh3eb9kverp;Premium Economy;Santos Mccall;UOEQVB6FU
LH 2121;FRA;HKG;A05;21.OCT;22:00;61;trwy5pev3y4x381;Premium Economy;Tammie Saunders;BLA514C25
LH 2121;FRA;HKG;A05;21.OCT;22:00;62;14363noeukllab7;Premium Economy;Jules Molina;9CBY6I97S
LH 2121;FRA;HKG;A05;21.OCT;22:00;63;farwq36g7jq3vxn;Premium Economy;Eddy Huffman;81D6BQ3QY
LH 2121;FRA;HKG;A05;21.OCT;22:00;64;ccjwf639o4twzc0;Premium Economy;Nancy Sherman;7OYEP2K8Z
LH 2121;FRA;HKG;A05;21.OCT;22:00;65;g942f99pbscgj3i;Premium Economy;Marjorie Bailey;AAGK3CKG8
LH 2121;FRA;HKG;A05;21.OCT;22:00;66;ry97iva0jzi2138;Premium Economy;Sandra Wiggins;1SDFL0ASJ
LH 2121;FRA;HKG;A05;21.OCT;22:00;67;xmsweqvcf53ow4r;Premium Economy;Jared Bolton;LMJYG18YQ
LH 2121;FRA;HKG;A05;21.OCT;22:00;68;ugomzqj6he0brhk;Premium Economy;Alison Santos;0499AYZZ7
LH 2121;FRA;HKG;A05;21.OCT;22:00;69;kbc6pd1ps1ophj5;Premium Economy;Reed Richards;NDPU6C39I
LH 2121;FRA;HKG;A05;21.OCT;22:00;70;bwjq1xn60i53ru6;Economy;Darnell Hodge;B4UC4XHMV
LH 2121;FRA;HKG;A05;21.OCT;22:00;71;351dpvcjkjuby7v;Economy;Danny Knapp;TCM17QO4V
LH 2121;FRA;HKG;A05;21.OCT;22:00;72;m3ee6wmmew4fmmb;Economy;Aisha Mooney;Y3AP3LJ9S
LH 2121;FRA;HKG;A05;21.OCT;22:00;73;0fsgyvpsbk26f9u;Economy;Goldie Melendez;4712QLB51
LH 2121;FRA;HKG;A05;21.OCT;22:00;74;p8n9m59gto6irc8;Economy;Dale Gamble;4MFMBXPHG
LH 2121;FRA;HKG;A05;21.OCT;22:00;75;o0s8elauowbwrs9;Economy;Alva Joyce;3O6VYXWWR
LH 2121;FRA;HKG;A05;21.OCT;22:00;76;x6ujjztpu47skgj;Economy;Stewart Ellison;UNM5P9HYE
LH 2121;FRA;HKG;A05;21.OCT;22:00;77;q5un50zf2r54pm7;Economy;Ada Dean;NOJGPYKH8
LH 2121;FRA;HKG;A05;21.OCT;22:00;78;ce847dqingyspbu;Economy;Marguerite Ballard;AZY78YX3V
LH 2121;FRA;HKG;A05;21.OCT;22:00;79;xkrldoh5nr2nwcv;Economy;Dirk Norris;KRH2V5UAX
LH 2121;FRA;HKG;A05;21.OCT;22:00;80;ue1d6z7ppbp7w2q;Economy;Myron Clements;F6I8RLFAF
LH 2121;FRA;HKG;A05;21.OCT;22:00;81;dl6tqgirjhn0wm9;Economy;Rosendo Stephens;2XMO5F81A
LH 2121;FRA;HKG;A05;21.OCT;22:00;82;ngkf59m5avza0kw;Economy;Carlo Jackson;RPPZ0ANVI
LH 2121;FRA;HKG;A05;21.OCT;22:00;83;as6bwubvjgbcqdd;Economy;Cecelia Harrell;5KTVYZ3VY
LH 2121;FRA;HKG;A05;21.OCT;22:00;84;piq0y57evf23148;Economy;Everette Hobbs;W6RA2SBTR
LH 2121;FRA;HKG;A05;21.OCT;22:00;85;hkatel3a2ts1uz9;Economy;Bonnie Gray;R9GM19O1Z
LH 2121;FRA;HKG;A05;21.OCT;22:00;86;09b1ekas8xxin0m;Economy;Granville Hogan;EACJX6P2I
LH 2121;FRA;HKG;A05;21.OCT;22:00;87;vtjipa2bi9i1m97;Economy;Laverne Chase;J3N392XQ7
LH 2121;FRA;HKG;A05;21.OCT;22:00;88;x0t55yyfntiao1u;Economy;Byron Benson;USO04L7GX
LH 2121;FRA;HKG;A05;21.OCT;22:00;89;x3lh89xpjmf5oj4;Economy;Arthur May;P6C57B68W
LH 2121;FRA;HKG;A05;21.OCT;22:00;90;7yhe6iyyxhvwfiq;Economy;Berry Coffey;1P2R2982Q
LH 2121;FRA;HKG;A05;21.OCT;22:00;91;m354cttvir8zxs7;Economy;Donovan Hull;FH71IRBCP
LH 2121;FRA;HKG;A05;21.OCT;22:00;92;5szryeni5f46pc0;Economy;Clement Kelley;CR5KOT67S
LH 2121;FRA;HKG;A05;21.OCT;22:00;93;ug05m1rwdsvogkh;Economy;Jame Walsh;LMEYRWGO8
LH 2121;FRA;HKG;A05;21.OCT;22:00;94;0b5ksmle6vbu7cu;Economy;Florentino Mcfarland;8CXLWGAV6
LH 2121;FRA;HKG;A05;21.OCT;22:00;95;tp4ue0apyl0xex8;Economy;Joy Stafford;EH4OYL11H
LH 2121;FRA;HKG;A05;21.OCT;22:00;96;lcmajb2y8csk3x2;Economy;Garry Barnett;L6RI6J4Z2
LH 2121;FRA;HKG;A05;21.OCT;22:00;97;zjssxj4ql23b1vn;Economy;Mabel Richardson;CD2VTZ0EV
LH 2121;FRA;HKG;A05;21.OCT;22:00;98;1k8duusvra980b3;Economy;Kristine Christensen;ZVRPF0MS1
LH 2121;FRA;HKG;A05;21.OCT;22:00;99;m8ekwjrm9ko0b1f;Economy;Roderick Barr;YK72H7VEB
LH 2121;FRA;HKG;A05;21.OCT;22:00;100;yr4f5e175l5tj3q;Economy;Beatriz Yu;TN94HM0EM
LH 2121;FRA;HKG;A05;21.OCT;22:00;101;dn35di1munq40zp;Economy;Katheryn Jimenez;A7TEM98LZ
LH 2121;FRA;HKG;A05;21.OCT;22:00;102;rk00hombqmcglcq;Economy;Gary Bennett;BLO6GSC0A
LH 2121;FRA;HKG;A05;21.OCT;22:00;103;9lhyqwyeolemfpu;Economy;Dannie Miller;T7G9JTVKZ
LH 2121;FRA;HKG;A05;21.OCT;22:00;104;vey4hdyucwemjyf;Economy;Edmundo Haley;ZPFQBSYEC
LH 2121;FRA;HKG;A05;21.OCT;22:00;105;k0vgmfcdzkk89qc;Economy;Domenic Rosales;I5VFQCRX3
LH 2121;FRA;HKG;A05;21.OCT;22:00;106;mymh5dwp2h3mvxn;Economy;Brittney Oliver;CVEFUOP7B
LH 2121;FRA;HKG;A05;21.OCT;22:00;107;kth4f2cwwkfok60;Economy;Humberto Villarreal;0GQ9XA57W
LH 2121;FRA;HKG;A05;21.OCT;22:00;108;bdld017ilknvgz7;Economy;Tessa Richards;RY7KQGX9I
LH 2121;FRA;HKG;A05;21.OCT;22:00;109;tn57a9x4wbvcoyz;Economy;Tammy Stevenson;JMJWPXTQU
LH 2121;FRA;HKG;A05;21.OCT;22:00;110;fg010z4q1aa77zm;Economy;Steven Castillo;IHDHQBGTS
LH 2121;FRA;HKG;A05;21.OCT;22:00;111;m9atmaodonvasrd;Economy;Iva Salazar;MFJ9JMY0H
LH 2121;FRA;HKG;A05;21.OCT;22:00;112;7kk0maqhwywqlds;Economy;Horacio Freeman;IW4FM8S82
LH 2121;FRA;HKG;A05;21.OCT;22:00;113;9x1siyimrrzf9bb;Economy;Tiffany Rosario;AATOWXYFL
LH 2121;FRA;HKG;A05;21.OCT;22:00;114;8dsr5tckmjaqj3y;Economy;Bonnie Wise;NPMJ50Q7H
LH 2121;FRA;HKG;A05;21.OCT;22:00;115;x4xi2k1ke4qt62o;Economy;Murray Mclaughlin;V0Q6W1S8D
LH 2121;FRA;HKG;A05;21.OCT;22:00;116;qgk4nvt29ppcwev;Economy;Darell Barker;KHEX94RNT
LH 2121;FRA;HKG;A05;21.OCT;22:00;117;47kpfpo4tosgyv3;Economy;Geraldo Gross;71DS92WTG
LH 2121;FRA;HKG;A05;21.OCT;22:00;118;rrowtzoxhaddytb;Economy;Teddy Faulkner;2BIFMHTVD
LH 2121;FRA;HKG;A05;21.OCT;22:00;119;k9gfvlgh1vaxe39;Economy;Denise Maddox;KR52PV1QC
LH 2121;FRA;HKG;A05;21.OCT;22:00;120;twzqviqsxr5fnj8;Economy;Alissa Shaffer;6UGAS39JE
LH 2121;FRA;HKG;A05;21.OCT;22:00;121;jau60jv2nhm023u;Economy;Josue Whitaker;KLYTUBE9A
LH 2121;FRA;HKG;A05;21.OCT;22:00;122;wicxe9m45suciwn;Economy;Laura Wilkerson;JLIT1RU9T
LH 2121;FRA;HKG;A05;21.OCT;22:00;123;yweev3t17j6x8n1;Economy;Joshua Mcneil;0YRKT4TVS
LH 2121;FRA;HKG;A05;21.OCT;22:00;124;r9pjmd7618zxig7;Economy;Gale Hickman;OW4H2450X
LH 2121;FRA;HKG;A05;21.OCT;22:00;125;mwvnx388lrhuodn;Economy;Rusty Gibbs;UEOHFOZ3T
LH 2121;FRA;HKG;A05;21.OCT;22:00;126;wkus83irsbpq18y;Economy;Carter Webb;L8OCQD817
LH 2121;FRA;HKG;A05;21.OCT;22:00;127;v8uapbw4o0zgfaz;Economy;Frankie Harding;C2RQOWCG6
LH 2121;FRA;HKG;A05;21.OCT;22:00;128;hb60uutsvl3nn30;Economy;Nigel Dorsey;UXPXVN8TA
LH 2121;FRA;HKG;A05;21.OCT;22:00;129;9k9gizkbel7kvqw;Economy;Devon Terrell;923HJ09PO
LH 2121;FRA;HKG;A05;21.OCT;22:00;130;l0ootpwr7gblr1e;Economy;Young Campbell;VY91A048P
LH 2121;FRA;HKG;A05;21.OCT;22:00;131;kw4i6x3yw51513i;Economy;Erin Welch;MN9KG8VAY
LH 2121;FRA;HKG;A05;21.OCT;22:00;132;g09v8usfkzt5h80;Economy;Jewell Wilcox;1DETECF65
LH 2121;FRA;HKG;A05;21.OCT;22:00;133;12plo4kfs6rg5z5;Economy;Jacob Larson;1TOOHHTGT
LH 2121;FRA;HKG;A05;21.OCT;22:00;134;227igsp8wdwj3of;Economy;Dollie Obrien;XXWUPR5KL
LH 2121;FRA;HKG;A05;21.OCT;22:00;135;1knvh4qf04dp3k7;Economy;Lance Riddle;MHZRQ5O5V
LH 2121;FRA;HKG;A05;21.OCT;22:00;136;5asccw2tstqv9yi;Economy;Marcelino Hartman;JEDEJO07D
LH 2121;FRA;HKG;A05;21.OCT;22:00;137;91t0x17r2tepzgy;Economy;Deandre Ballard;R2Y57A7JL
LH 2121;FRA;HKG;A05;21.OCT;22:00;138;6nhdqgt751yo35x;Economy;Daryl Ramsey;V84AM01ZE
LH 2121;FRA;HKG;A05;21.OCT;22:00;139;va56g6wv5qmgool;Economy;Deangelo Chen;GYDQSJ2YJ
LH 2121;FRA;HKG;A05;21.OCT;22:00;140;bgepp9bo69mpjjs;Economy;Emmitt Hodge;0XBE6R66V
LH 2121;FRA;HKG;A05;21.OCT;22:00;141;8t5w67capzkb5zd;Economy;Cindy Grimes;1KLW29LG0
LH 2121;FRA;HKG;A05;21.OCT;22:00;142;aykuti471z0qefy;Economy;Lizzie Gill;PP3I5FLU2
LH 2121;FRA;HKG;A05;21.OCT;22:00;143;lizfckvysijk4ot;Economy;Garfield Quinn;76HHU0MWE
LH 2121;FRA;HKG;A05;21.OCT;22:00;144;ydhbug8fjrigudy;Economy;Bonita Lozano;43E43Y8NU
LH 2121;FRA;HKG;A05;21.OCT;22:00;145;vnjjnu4f0u5huma;Economy;Simon Bryan;D2PGO2DTJ
LH 2121;FRA;HKG;A05;21.OCT;22:00;146;5dd9k6yq75yuu0c;Economy;Neva Thompson;TEIQG1VEP
LH 2121;FRA;HKG;A05;21.OCT;22:00;147;l43o02uidw48ib1;Economy;Adriana Bailey;O3103CY1I
LH 2121;FRA;HKG;A05;21.OCT;22:00;148;ru8r072w5m7sawg;Economy;Kayla Hanna;47Q3QPWXP
LH 2121;FRA;HKG;A05;21.OCT;22:00;149;63r0ymq4h1926sr;Economy;Cary Howell;0Z3JOMDFC
LH 2121;FRA;HKG;A05;21.OCT;22:00;150;raq2bw7nzoa7e14;Economy;Paulette Hebert;9XUAR5QLF
LH 2121;FRA;HKG;A05;21.OCT;22:00;151;msifv91dnu97012;Economy;Bobbie Benjamin;4ENX0DDO5
LH 2121;FRA;HKG;A05;21.OCT;22:00;152;angpv3hfmnk2mze;Economy;Lindsay Hebert;QAT0B8KRX
LH 2121;FRA;HKG;A05;21.OCT;22:00;153;97i6w9c0yvcy09g;Economy;Terra Hicks;GH9D2HW9W
LH 2121;FRA;HKG;A05;21.OCT;22:00;154;hlo9kppyj6hl9b8;Economy;Brain Weaver;DTCK4JZNM
LH 2121;FRA;HKG;A05;21.OCT;22:00;155;6rb4u5tqxqqfcsu;Economy;Freda Mccann;JGVOM0A16
LH 2121;FRA;HKG;A05;21.OCT;22:00;156;8v1bohz5ydm82lt;Economy;Elliott Rush;BSOTIHEQ9
LH 2121;FRA;HKG;A05;21.OCT;22:00;157;9zddp8c603zklz3;Economy;Elbert Baldwin;4GP5R53XW
LH 2121;FRA;HKG;A05;21.OCT;22:00;158;e93yphko5xdfzem;Economy;Lawanda Buck;CG5DRZQNT
LH 2121;FRA;HKG;A05;21.OCT;22:00;159;7i50lam4nu1rnn4;Economy;Sonya Serrano;HS02T06J0
LH 2121;FRA;HKG;A05;21.OCT;22:00;160;zxsjdfj1uuyz97f;Economy;Wilmer Short;IG9G6MWI8
LH 2121;FRA;HKG;A05;21.OCT;22:00;161;znew12eki3e5xbp;Economy;Ida Benson;TP0ZIBFAL
LH 2121;FRA;HKG;A05;21.OCT;22:00;162;oxjllt1nxo4y0hy;Economy;Teri Daugherty;EB8VNG7B1
LH 2121;FRA;HKG;A05;21.OCT;22:00;163;lm1yotduicqtco7;Economy;Darell Maxwell;0Y9NCXYLP
LH 2121;FRA;HKG;A05;21.OCT;22:00;164;ac653oi3w1d324j;Economy;Lorene Reeves;UXAPZATJN
LH 2121;FRA;HKG;A05;21.OCT;22:00;165;gnfa4chimwv04w0;Economy;Tomas Lang;TD94A2VER
LH 2121;FRA;HKG;A05;21.OCT;22:00;166;we4lbrnfcl6q368;Economy;Homer Obrien;Y61WSC84E
LH 2121;FRA;HKG;A05;21.OCT;22:00;167;rnk6zib1uqalo9m;Economy;Shayne Richardson;CP0G0IVCB
LH 2121;FRA;HKG;A05;21.OCT;22:00;168;12qjgcrpi447qoi;Economy;Richard Brennan;47D4WFOT4
LH 2121;FRA;HKG;A05;21.OCT;22:00;169;1n5n91wjan668ai;Economy;Israel Robertson;2EMK4BPUY
LH 2121;FRA;HKG;A05;21.OCT;22:00;170;yhlurtl4ked84vf;Economy;Noelle Lozano;WLC1P3WP9
LH 2121;FRA;HKG;A05;21.OCT;22:00;171;pv21jus50kg88m8;Economy;Kimberly Terrell;9VHUTIRH2
LH 2121;FRA;HKG;A05;21.OCT;22:00;172;q8e8kmwf4fnp051;Economy;Blake Stevenson;2E1LRK1I8
LH 2121;FRA;HKG;A05;21.OCT;22:00;173;lg1u29tap7v9ol3;Economy;Dusty Hood;7AEGXVPXH
LH 2121;FRA;HKG;A05;21.OCT;22:00;174;dtskt0xlzw6osnj;Economy;Jeffrey Dickerson;ESNQIJYB3
LH 2121;FRA;HKG;A05;21.OCT;22:00;175;xmj8hdjfabbk2ez;Economy;Becky Stein;QF41HPSPO
LH 2121;FRA;HKG;A05;21.OCT;22:00;176;3ey2eyy8ay7nfih;Economy;Adrian Ponce;P2UK4S6GF
LH 2121;FRA;HKG;A05;21.OCT;22:00;177;035wv6kkr24ws95;Economy;Aimee Galvan;NU1R4JN64
LH 2121;FRA;HKG;A05;21.OCT;22:00;178;o2po66x99fo0dzj;Economy;Raymundo Krause;HTFC3AWEB
LH 2121;FRA;HKG;A05;21.OCT;22:00;179;gptc3e0j1ahs81r;Economy;Dominic Guerrero;NHRW6BPJ0
LH 2121;FRA;HKG;A05;21.OCT;22:00;180;jim625srsfme5tr;Economy;Lucinda Barrera;3QJB1LCD2
LH 2121;FRA;HKG;A05;21.OCT;22:00;181;rsziw8h0j7umesf;Economy;Kathleen Snyder;O2R7RO1HG
LH 2121;FRA;HKG;A05;21.OCT;22:00;182;4qvggft80v8grw1;Economy;Virgilio Cummings;HCSLZPAYI
LH 2121;FRA;HKG;A05;21.OCT;22:00;183;x1tav6ycn3lbg1t;Economy;Fernando Wilkins;VOLHT86XM
LH 2121;FRA;HKG;A05;21.OCT;22:00;184;rczjdgaks7tftz1;Economy;Vivian Kim;6F2VGVOZN
LH 2121;FRA;HKG;A05;21.OCT;22:00;185;ocxw44aql4rngt8;Economy;Kristi Whitaker;K2IZ3VDFR
LH 2121;FRA;HKG;A05;21.OCT;22:00;186;5yg9agep07kdpks;Economy;Eusebio Townsend;BGXGPWB70
LH 2121;FRA;HKG;A05;21.OCT;22:00;187;kvmqzxu1vogxxc0;Economy;Rachel Bauer;8KHSGB36Q
LH 2121;FRA;HKG;A05;21.OCT;22:00;188;58113f4ttblplg9;Economy;Deloris Austin;PY0KE9K2H
LH 2121;FRA;HKG;A05;21.OCT;22:00;189;kq8t0hb2z2fig1r;Economy;Delbert Mclaughlin;WHX443GOU
LH 2121;FRA;HKG;A05;21.OCT;22:00;190;0izw1ebcp1f62hx;Economy;Zane Burton;CMYXC7NNV
LH 2121;FRA;HKG;A05;21.OCT;22:00;191;y1vbk3omun7ckva;Economy;Billy Salas;CPOUF1EBT
LH 2121;FRA;HKG;A05;21.OCT;22:00;192;mqjtq4fk7utikxx;Economy;Paris Chen;H06IAPXK9
LH 2121;FRA;HKG;A05;21.OCT;22:00;193;7ifby6qv72zpauo;Economy;Rodney Donaldson;ADKMSUOEG
LH 2121;FRA;HKG;A05;21.OCT;22:00;194;178vsok87rntf22;Economy;Delmer Johnson;F3V78CDN7
LH 2121;FRA;HKG;A05;21.OCT;22:00;195;3xic8dv5rrp4m6e;Economy;Jerold Oconnor;DN362Q8E8
LH 2121;FRA;HKG;A05;21.OCT;22:00;196;kencgb53eqsdo8q;Economy;Jeremiah Meyer;YO6EP6M4Z
LH 2121;FRA;HKG;A05;21.OCT;22:00;197;6oio2dvinymx7f4;Economy;Emmitt Madden;K50O89QOB
LH 2121;FRA;HKG;A05;21.OCT;22:00;198;uddmzt3ks0z3gy4;Economy;Tracy Cohen;U9Y1CIK9D
LH 2121;FRA;HKG;A05;21.OCT;22:00;199;brun3ekl5jl52d5;Economy;Judith Compton;9PRTLTLBM
LH 2121;FRA;HKG;A05;21.OCT;22:00;200;bk86dgxp56mi3b8;Economy;Billie Atkinson;CAO47P21P
LH 2121;FRA;HKG;A05;21.OCT;22:00;201;nepvrxjs167m72p;Economy;Sue Holmes;XFJBO3F3K
LH 2121;FRA;HKG;A05;21.OCT;22:00;202;06kkhk5ib2rh072;Economy;Horace Barajas;O24TE87P3
LH 2121;FRA;HKG;A05;21.OCT;22:00;203;fnat2qnr765pb28;Economy;Aubrey Dunn;IS3CRLEYZ
LH 2121;FRA;HKG;A05;21.OCT;22:00;204;kuidjqn0b1tq5xu;Economy;Ana Hogan;8FZE5ZZW4
LH 2121;FRA;HKG;A05;21.OCT;22:00;205;w0c9mpgb44pa22i;Economy;Deirdre Valdez;U837AB3CU
LH 2121;FRA;HKG;A05;21.OCT;22:00;206;qryy040j8d5j3yo;Economy;Darius Padilla;G3HXRXDVX
LH 2121;FRA;HKG;A05;21.OCT;22:00;207;vykwhdvtsyxfgaw;Economy;Earline Gould;6GAYV38QN
LH 2121;FRA;HKG;A05;21.OCT;22:00;208;hr0d1c862h22ma3;Economy;Sheree Solis;Z555H2262
LH 2121;FRA;HKG;A05;21.OCT;22:00;209;alpd15iela28l3e;Economy;Ina Cook;XD2ULFR9B
LH 2121;FRA;HKG;A05;21.OCT;22:00;210;43uy4lnxs4oug15;Economy;Christina Cain;RT6VSJAWV
LH 2121;FRA;HKG;A05;21.OCT;22:00;211;ay5l4ozcfli6n1g;Economy;Briana Ballard;BNS3VOQ5T
LH 2121;FRA;HKG;A05;21.OCT;22:00;212;m9z5z1q7746j5pa;Economy;Earnestine Dodson;6ZAX1AZHL
LH 2121;FRA;HKG;A05;21.OCT;22:00;213;s85r98erxwq59pj;Economy;Merrill Sandoval;OXIGQ7ZK1
LH 2121;FRA;HKG;A05;21.OCT;22:00;214;8ea6jx3txms467h;Economy;Georgina House;TW0ZR0PIR
LH 2121;FRA;HKG;A05;21.OCT;22:00;215;07ic1lgrx6lic1t;Economy;Russell Cobb;PFRFKZBFH
LH 2121;FRA;HKG;A05;21.OCT;22:00;216;8w497rojsg1kv6w;Economy;Jewel Goodman;HOCBVOQ86
LH 2121;FRA;HKG;A05;21.OCT;22:00;217;3ovvjqd15c0mx4o;Economy;Travis Kaiser;HE0M0J2DY
LH 2121;FRA;HKG;A05;21.OCT;22:00;218;rv6sg2kbxf8k8kn;Economy;Riley Powell;1GID2C5BL
LH 2121;FRA;HKG;A05;21.OCT;22:00;219;2hl0idfemntvxga;Economy;Brittney Snyder;N1R085D1C
LH 2121;FRA;HKG;A05;21.OCT;22:00;220;zgofxcym1rmy8af;Economy;Carey Hernandez;KYVUMUQD9
LH 2121;FRA;HKG;A05;21.OCT;22:00;221;34989hzakvoq3rz;Economy;Allison Mccoy;QQS3LV3WT
LH 2121;FRA;HKG;A05;21.OCT;22:00;222;pdlfmthfk42gzir;Economy;Erika Munoz;93XD1FAAW
LH 2121;FRA;HKG;A05;21.OCT;22:00;223;iz1c51day6ichyw;Economy;Colleen Cox;WE5NQPXPU
LH 2121;FRA;HKG;A05;21.OCT;22:00;224;1cdwaqjsckzfyik;Economy;Ward Suarez;WR3FP64X3
LH 2121;FRA;HKG;A05;21.OCT;22:00;225;a4nrrepzvfdtwnx;Economy;Antonia Hawkins;A6EI1F42S
LH 2121;FRA;HKG;A05;21.OCT;22:00;226;3a2m635do82ty4k;Economy;Kermit Randolph;JQUGC6W7A
LH 2121;FRA;HKG;A05;21.OCT;22:00;227;mif4wuk5b7ja0z7;Economy;Eli Benson;G2TR3KVKF
LH 2121;FRA;HKG;A05;21.OCT;22:00;228;d9skoojxrwyn571;Economy;Joyce Haas;TML7FKFS7
LH 2121;FRA;HKG;A05;21.OCT;22:00;229;rmgurp9jb543lox;Economy;Elizabeth Riddle;RI5CU0V75
LH 2121;FRA;HKG;A05;21.OCT;22:00;230;fdq0tk19mf7fn8x;Economy;Willie Porter;4GNX2H522
LH 2121;FRA;HKG;A05;21.OCT;22:00;231;vdu37zu86u0dvzw;Economy;Hollis Perkins;M0KQVEK74
LH 2121;FRA;HKG;A05;21.OCT;22:00;232;v8eue8sup6attux;Economy;Harris Calhoun;7W11ZT1NP
LH 2121;FRA;HKG;A05;21.OCT;22:00;233;xba9ydjx6fye1x1;Economy;Andre Knox;5ZV66O1AP
LH 2121;FRA;HKG;A05;21.OCT;22:00;234;qa78j7srjgocup4;Economy;Robt Silva;HWMAYZLK9
LH 2121;FRA;HKG;A05;21.OCT;22:00;235;nu4ipp8ms3s74cr;Economy;Allen Rowe;49UL0ATFC
LH 2121;FRA;HKG;A05;21.OCT;22:00;236;8c8gznpnvhj80w1;Economy;Mollie Lang;4FMXDRQ77
LH 2121;FRA;HKG;A05;21.OCT;22:00;237;u98wop2hynyack2;Economy;Carly Macdonald;DV61CWX7T
LH 2121;FRA;HKG;A05;21.OCT;22:00;238;7lc5mb3hzzahvrz;Economy;Rolf Carlson;B9PWQRGT4
LH 2121;FRA;HKG;A05;21.OCT;22:00;239;rr0ggtyfmwncp7w;Economy;Celeste Austin;25B2HDDHX
LH 2121;FRA;HKG;A05;21.OCT;22:00;240;po4y88ali0afw3u;Economy;Herschel Powers;U4LYB8XP2
LH 2121;FRA;HKG;A05;21.OCT;22:00;241;m5bd0177dxcbi8a;Economy;Clifford Marshall;9DV6JQ3B7
LH 2121;FRA;HKG;A05;21.OCT;22:00;242;6hfmadtnc8r4hjg;Economy;Anibal Compton;VJ267OWOO
LH 2121;FRA;HKG;A05;21.OCT;22:00;243;di9bgjbv4dp4ew9;Economy;Dante Washington;UV6V2OG2C
LH 2121;FRA;HKG;A05;21.OCT;22:00;244;fwxhofhwv9babeq;Economy;Dawn Elliott;C6H9JP6Q5
LH 2121;FRA;HKG;A05;21.OCT;22:00;245;gvxh9nhg4f87eba;Economy;Myles Combs;EAKFB0VG8
LH 2121;FRA;HKG;A05;21.OCT;22:00;246;xkowjvdkma58p30;Economy;Janine Barber;R98I7T3A4
LH 2121;FRA;HKG;A05;21.OCT;22:00;247;dd31z1aj7wwmi3j;Economy;Ulysses Ford;DNTYJRRJ9
LH 2121;FRA;HKG;A05;21.OCT;22:00;248;jxjsiclneg0q3em;Economy;Bettie Hendricks;204GGSJ4C
LH 2121;FRA;HKG;A05;21.OCT;22:00;249;quolereqt0qyc2i;Economy;Minh Middleton;D6FO2CU1Y
LH 2121;FRA;HKG;A05;21.OCT;22:00;250;0zdmpc61oev5jmk;Economy;Darwin Hill;VNOC933OY
LH 2121;FRA;HKG;A05;21.OCT;22:00;251;fkjef6djyurupdt;Economy;Bridgette Mcdowell;0D903FOJU
LH 2121;FRA;HKG;A05;21.OCT;22:00;252;809ygbi6dmedmh5;Economy;Ricky Black;YJP1M1F8E
LH 2121;FRA;HKG;A05;21.OCT;22:00;253;7iym8976dho7fo3;Economy;Taylor Day;36Y9PS2HW
LH 2121;FRA;HKG;A05;21.OCT;22:00;254;6b8eun1p6b9lx33;Economy;Helene Mack;RVLE0FNZY
LH 2121;FRA;HKG;A05;21.OCT;22:00;255;yxf9fbbegb3bdnw;Economy;Jess Whitney;BF1JEI0SA
LH 2121;FRA;HKG;A05;21.OCT;22:00;256;2m7z9hek5lugo82;Economy;Jefferey Nolan;H75XWUJBC
LH 2121;FRA;HKG;A05;21.OCT;22:00;257;s3rmh052dgryk5o;Economy;Cherie Morris;1WDP0263B
LH 2121;FRA;HKG;A05;21.OCT;22:00;258;hu4l2p88ow9qe7z;Economy;Britt Larsen;1G82HF4VR
LH 2121;FRA;HKG;A05;21.OCT;22:00;259;vjpnqaijl40w6gk;Economy;Lilia French;B0PWGGMXR
LH 2121;FRA;HKG;A05;21.OCT;22:00;260;5o4xts9kyjzlswa;Economy;Zelma Tyler;HDLABYWR9
LH 2121;FRA;HKG;A05;21.OCT;22:00;261;d7bygkqrore628y;Economy;Lilian Newton;69LREI68B
LH 2121;FRA;HKG;A05;21.OCT;22:00;262;o69uxlxqj3ltbbn;Economy;Molly Hoffman;UM3BTWMMM
LH 2121;FRA;HKG;A05;21.OCT;22:00;263;m1uelkit60ohnsd;Economy;Murray Douglas;3D60OAJFH
LH 2121;FRA;HKG;A05;21.OCT;22:00;264;6uawucgda8ktc5h;Economy;Rena Ray;ORFGDECG3
LH 2121;FRA;HKG;A05;21.OCT;22:00;265;rddlhk14myg4nsk;Economy;Damian Mays;86K3F5PUB
LH 2121;FRA;HKG;A05;21.OCT;22:00;266;z518kp2x1ib9kw6;Economy;Guadalupe Simmons;EGAF9LCGG
LH 2121;FRA;HKG;A05;21.OCT;22:00;267;rnppo8bqr1o2oml;Economy;Everette Krueger;QZMZNWARO
LH 2121;FRA;HKG;A05;21.OCT;22:00;268;oa5oley0k5dgkrc;Economy;Jamaal Schroeder;XLX7AB8DJ
LH 2121;FRA;HKG;A05;21.OCT;22:00;269;dgf7z3t8c71xcl0;Economy;Cheryl Moon;BQUXJ8O0O
LH 2121;FRA;HKG;A05;21.OCT;22:00;270;x63i3f2hbmdtlif;Economy;Aurelia Poole;X6T4V8S9V
LH 2121;FRA;HKG;A05;21.OCT;22:00;271;eoky6jqa4aw59rz;Economy;Ronnie Logan;F21RBLQKM
LH 2121;FRA;HKG;A05;21.OCT;22:00;272;vh7mypopi6yid1q;Economy;Katina Ayala;NO4QC4XJI
LH 2121;FRA;HKG;A05;21.OCT;22:00;273;zcidxxxcecnk0th;Economy;Issac Hampton;SAFFYRK53
LH 2121;FRA;HKG;A05;21.OCT;22:00;274;35epex3ay8audgf;Economy;Chas Mcclain;BGNTGICN6
LH 2121;FRA;HKG;A05;21.OCT;22:00;275;gplu1p37rhdpsrk;Economy;Alfreda Christian;YM2SLB7BM
LH 2121;FRA;HKG;A05;21.OCT;22:00;276;jenhsswd6qydt5l;Economy;Ada Cooke;Z98EUUIHP
LH 2121;FRA;HKG;A05;21.OCT;22:00;277;0hwf3s6e9d9223b;Economy;Hannah Wells;W626OLEHC
LH 2121;FRA;HKG;A05;21.OCT;22:00;278;z1att76kgynjs7y;Economy;Mauro Howard;K7QCH60HQ
LH 2121;FRA;HKG;A05;21.OCT;22:00;279;5n4aoafoa3ugtiq;Economy;Sebastian Cardenas;POWP4EV3H
LH 2121;FRA;HKG;A05;21.OCT;22:00;280;y3587uk78aox8mi;Economy;Meagan Ramsey;98NI18RU4
LH 2121;FRA;HKG;A05;21.OCT;22:00;281;qucdw4vep0blbcl;Economy;Dona Avery;WBAFB7DFO
LH 2121;FRA;HKG;A05;21.OCT;22:00;282;htntgiyzrj5f5hi;Economy;Luther Wheeler;E2T8689ZM
LH 2121;FRA;HKG;A05;21.OCT;22:00;283;33uy39yz00khfdx;Economy;Myrtle Holt;GYNLPOATP
LH 2121;FRA;HKG;A05;21.OCT;22:00;284;wt3asen31vvd633;Economy;Tommie Kent;2M9K8J3UY
LH 2121;FRA;HKG;A05;21.OCT;22:00;285;wg69g8tstnyw44o;Economy;Krystal Dennis;BP0J4Y4SX
LH 2121;FRA;HKG;A05;21.OCT;22:00;286;2v19fcdnl7a21ai;Economy;Etta Jackson;6ZNOUSMQT
LH 2121;FRA;HKG;A05;21.OCT;22:00;287;z3ojn6s0etrothm;Economy;Benito Caldwell;F2NQPGZGE
LH 2121;FRA;HKG;A05;21.OCT;22:00;288;njfwmag37ju924y;Economy;Shelby Mercado;JIGHL3428
LH 2121;FRA;HKG;A05;21.OCT;22:00;289;4jp5cty7dki6t4r;Economy;Joseph Stokes;INLSALQYR
LH 2121;FRA;HKG;A05;21.OCT;22:00;290;71w7415uk4y932e;Economy;Roberto Armstrong;4PT7Y0HKQ
LH 2121;FRA;HKG;A05;21.OCT;22:00;291;e8ewaqbyrvb80iv;Economy;Jonas Stone;OM8WRSASU
LH 2121;FRA;HKG;A05;21.OCT;22:00;292;86nlb4mvx09neiy;Economy;Nathaniel Reeves;BOL553EMN
LH 2121;FRA;HKG;A05;21.OCT;22:00;293;89cb6uebuccwdqg;Economy;Clyde Barrow;14O0JWN65
